IIN:ID,FIO,:LABEL
BBBCCFFABEFG,Brittni Marrington,EDUCATION
BBAFABFAECBG,Mendy Vanstone,EDUCATION
JJAIAGEFABJI,Wendie Brandom,EDUCATION
JHBBBDDAAHHB,Micheline Swinbourne,EDUCATION
BABBCGGJEHJE,Ozzie Gregg,EDUCATION
AAAICJFFABAF,Ade Szimoni,EDUCATION
AFBBCFFFACHJ,Darrick Blackborow,EDUCATION
JIACACDABDGG,Tait Diter,EDUCATION
AGAFBEGFBBAI,Nikos Scobbie,EDUCATION
ADADDBFFBDBF,Ozzie Fearfull,EDUCATION
JJADCDDFABIG,Wilhelmina Garfirth,EDUCATION
AFACBFFFAHIA,Barret Blanchette,EDUCATION
BAAHAHFFEEFC,Ingeberg Vazquez,EDUCATION
AJABACFFDCCC,Verene Smullin,EDUCATION
BBAFCDFABAIH,Bonnibelle Atchly,EDUCATION
AAAIBHFAAGJJ,Georgetta Groucock,EDUCATION
AEBAADGFAJFD,Tony Ibbetson,EDUCATION
ACBBBIGABEHB,Hobard Rosenfelt,EDUCATION
ABACBJFFACJB,Fayth Berthome,EDUCATION
AAACABFFAICE,Pris Fulks,EDUCATION
JFAIBAEABGDH,Lulita Heersma,EDUCATION
JGAGBDDAACHH,Clarette Cobelli,EDUCATION
ABAEABGFBCGD,Robbin Darch,EDUCATION
AEBCBGFAADCE,Katharyn Jerrans,EDUCATION
ADAJBBFFAJGJ,Daile Arrundale,EDUCATION
AGBBCEFABIIB,Matias Willoway,EDUCATION
BEAGAJGAEIDD,Urbano Igounet,EDUCATION
BBADDBFADJEB,Angy Debow,EDUCATION
ABAGBHGABBIC,Lainey Farmloe,EDUCATION
AHACBHGAAIAE,Harry Brecon,EDUCATION
BABBCGGADACC,Lynda Brannon,EDUCATION
BAAFAIGFBJII,Lani Orred,EDUCATION
AAAIBIFAAEGG,Juliane Lewson,EDUCATION
ABBAAIFAACAJ,Susie Loache,EDUCATION
AFAEBIFABFBI,Vassily Taffe,EDUCATION
BCBBAEFACJFD,Val Llorente,EDUCATION
ACAIAHFABJBD,Grier Govett,EDUCATION
AGBCBEFACBHF,Lyssa Seys,EDUCATION
ABBCCJFFABDI,Pearce Readshaw,EDUCATION
JFAHBGDABJEB,Toby Stiebler,EDUCATION
AAAHAJFAADIE,Carlie Gussin,EDUCATION
AHAFAGFAACDE,Jerrilee Codling,EDUCATION
AIAHCFGAABFE,Esma Meredyth,EDUCATION
BEADAJGABICI,Blondie Christall,EDUCATION
BAABCJGFBFGB,Etti Petegree,EDUCATION
AIAGCAGFEICG,Adlai Hundley,EDUCATION
BAAJCGFFEDGE,Baillie Atmore,EDUCATION
AHBBABFFACIB,Reade Mallender,EDUCATION
AFAECAAAABJC,Witty Carillo,EDUCATION
AEAFCAFFADDA,Robert Billam,EDUCATION
AGAEADGAAECH,Nicolai Gavin,EDUCATION
AEAIBBFFBIEG,Salvatore Akaster,EDUCATION
BCAFBIAAAAFB,Walsh Braddock,EDUCATION
AEADDAFAABHD,Leeland Holworth,EDUCATION
ADABAHFABCDG,Woodie Jurisic,EDUCATION
AJAHBDFFCADI,Rivkah Kenwyn,EDUCATION
AGACAHGAAIBI,Vivie Leydon,EDUCATION
JIADBCDAAIHB,Vlad Needham,EDUCATION
ABBCABFFABDF,Cammy Owenson,EDUCATION
AHABAIFFAAIJ,Shepherd Dyke,EDUCATION
ABBBCCGAADIE,Sheilakathryn Sharpley,EDUCATION
JHBCDBDABAAI,Margareta Boscher,EDUCATION
ADBCCAFAACCF,Camilla Erni,EDUCATION
BAAIBDGFBIFH,Putnam Freer,EDUCATION
AJABCBFFBIEE,Sheeree Kidstone,EDUCATION
AGAJCBFABIAB,Mureil Kearsley,EDUCATION
JIBCCJEABACF,Jephthah Crab,EDUCATION
JJAHBHDFBDFE,Claudianus Pund,EDUCATION
JHAHBJEFAGGH,Englebert Mussilli,EDUCATION
BBAHCEGAECFJ,Sumner Franchioni,EDUCATION
AAAJBFGFACII,Claudie Lawrinson,EDUCATION
AJACCAFFCCEG,Leeanne Cockson,EDUCATION
ABACBHFABBHB,Palmer McGhie,EDUCATION
BAAHCAFFBHFG,Montgomery Leonida,EDUCATION
JIBBBHDFAHJB,Bord Pitblado,EDUCATION
AJAGAIGFBBFE,Merrielle Crunkhorn,EDUCATION
BAADCAGFDEHH,Jedediah Woolatt,EDUCATION
AJAECGFFBBCJ,Debby MacGarrity,EDUCATION
BAADAFGFBGHH,Bernhard King,EDUCATION
JHAJCEDAACGC,Ludovico Helsdon,EDUCATION
AAABCDFABBAJ,Vinnie Dwyr,EDUCATION
ACAJCFFAAGIH,Camey Parysowna,EDUCATION
AIACADFFACBF,Vail Hynard,EDUCATION
BDAJAGFAFDBC,Alicea Kelle,EDUCATION
AGAIBFGFBCBD,Lida Mettricke,EDUCATION
BCAFCAGABEGF,Angus Shipsey,EDUCATION
AGABCCFFBDCJ,Cristobal Andres,EDUCATION
JFADAHDFBBHE,Frayda Neath,EDUCATION
JGAJBBDAACJC,Knox Matley,EDUCATION
BBAGAIFABGGD,Constancy Othick,EDUCATION
BDAHCBGADBJJ,Adrianna Rouby,EDUCATION
ADAJCBAAABFC,Chaim Shergold,EDUCATION
AEABAJGAABFI,Tamma Ekless,EDUCATION
BAAJBFFFBFGI,Kass Bruckenthal,EDUCATION
BBBCBIGADFAA,Zea Ellis,EDUCATION
AIADBCFAAAID,Joey Coda,EDUCATION
AGABAGFFBBCD,Talbot Ekkel,EDUCATION
AJAJAIGFBBBF,Johnathan Kleeborn,EDUCATION
AGAGBHFFBBFB,Olenka Beacroft,EDUCATION
AIAHCAFFDDGA,Slade Eddison,EDUCATION
AJAICBGFDCAI,Stinky Pottage,EDUCATION
AHAHCGFFACDH,Enrika Flacknoe,EDUCATION
BDAEAIGACEGG,Clair McGhee,EDUCATION
AGAJCFFFAJIA,Faye Braine,EDUCATION
BCAGCBFADDIF,Joseph Bragge,EDUCATION
BBAHBDGAEIFD,Tate Blesing,EDUCATION
JFAGBDEJJABF,Elsbeth Nelligan,EDUCATION
AEAFBBFAAECE,Ranice Bartels-Ellis,EDUCATION
AEBBCCGFAGGD,Thorsten Cockshut,EDUCATION
AHACBBGFADJC,Tessie Butterfint,EDUCATION
AFAHCIFABICA,Allsun Horribine,EDUCATION
AHAECBGABDEG,Cymbre Cristofano,EDUCATION
AGAFADGABIJF,Jere Van der Velde,EDUCATION
AHAHCEGFAJGG,Dame Backwell,EDUCATION
AHAFCBFFCEDH,Greggory Gurrado,EDUCATION
AGAFCIGFBFHA,Griff Elston,EDUCATION
AEAIAFGAAAJC,Elyse Le Port,EDUCATION
AGBBAEGAABIH,Kitty Rainard,EDUCATION
AFAFDBGFAGEG,Abraham Payle,EDUCATION
AGAHCBFFBEGE,Charlene Honatsch,EDUCATION
AJAIABGFBCDC,Lutero Casillas,EDUCATION
JFAEBEDABDCD,Sascha Cristofol,EDUCATION
AGBBBJGAABIJ,Percival Szachniewicz,EDUCATION
AEACBCFFACEH,Sophie Fantham,EDUCATION
AHBCCHFFEFBH,Sashenka Barstock,EDUCATION
JHBACCEFBDJB,Ericha Giorgetti,EDUCATION
BBBACHFABCDB,Dino Sudran,EDUCATION
JIBBBBEFAIHE,Davina Broszkiewicz,EDUCATION
ACBAAJGFAJHC,Haskell Bakewell,EDUCATION
BBBAAJFACBGC,Minta Raine,EDUCATION
BAACAIFFEJEF,Roderich Crudgington,EDUCATION
AEBACDFAAHHB,Joanna Cleft,EDUCATION
BABBCFGAEIBI,Rennie MacMakin,EDUCATION
AIABAGFFDFBB,Bruce Howsan,EDUCATION
ABAHCIFABDAI,Abbye Disman,EDUCATION
ACABADGFABHI,Noak Twelves,EDUCATION
AJAJCJFFDHCE,Travus Evison,EDUCATION
AJAFAFFFBJIA,Cody Fawlo,EDUCATION
AFADCFFABFJC,Tate Hoult,EDUCATION
AJAIADFFAGDF,Alexandros Childe,EDUCATION
AGACBGFFABID,Gilemette Michelet,EDUCATION
ACACAHFFADBF,Bevin Kamien,EDUCATION
JIBCAEDFAFDG,Bell Vondruska,EDUCATION
BBACBHGAEGGJ,Neila Clipston,EDUCATION
AJBCADFFCEBE,Fergus Burnage,EDUCATION
BCAJBJFADJHD,Marwin Condon,EDUCATION
AIBAAGGFBIGG,Caryl Harby,EDUCATION
AFAJAHGABCEF,Archie Petrosian,EDUCATION
AGADDBFFBHGB,Lorettalorna Roubeix,EDUCATION
BDAFCHGADFAA,Jordain Heddy,EDUCATION
ABABCGFFACBE,Ebonee Wenderoth,EDUCATION
AJADCIGFBHCH,Giacomo Pristnor,EDUCATION
AJACAHGFDGFG,Reuven Cahillane,EDUCATION
BCACCCFACFFG,Mic Luxford,EDUCATION
AGBABCFFBBDF,Blisse Bentsen,EDUCATION
AIADBHGFEIHJ,Inessa Mudge,EDUCATION
ADAJAHGABCEB,Glynis Whatson,EDUCATION
AAAEAEGAAJCH,Annabel Gook,EDUCATION
AAACCAGFBDCH,Lind Haton,EDUCATION
AIADBJFAABCA,Rem Burgane,EDUCATION
AEABCHGFAJAF,Kyla MacDermott,EDUCATION
AHAGBAGFACIC,Kennan Dearing,EDUCATION
AEADBDGABEAC,Connie Prazer,EDUCATION
BAAECCFFCJGC,Gannon Gladdifh,EDUCATION
AJABCGGFBBAE,Elroy Darlow,EDUCATION
AFAICJGAACBD,Konstantin Marchington,EDUCATION
AIAEDAFFCAHI,Patricio Madders,EDUCATION
AAAEDAFFABGG,Iggy Priditt,EDUCATION
AEAEAHGAAIBB,Pris Blackwell,EDUCATION
AJBBABFFEAEE,Morganica McGebenay,EDUCATION
AIACABFFACGE,Andra Tym,EDUCATION
AIAJBAGFCBJC,Wendell Allawy,EDUCATION
ABBABFGFBCBI,Ramsey Semkins,EDUCATION
AGAJCHGFAFDB,Riannon Curdell,EDUCATION
JFBBBADABDCI,Lydia Daenen,EDUCATION
AAAICGFFJABB,Wilbert Perrin,EDUCATION
AEBBBAGAABDG,Peggy Coates,EDUCATION
JJAHDADABHJF,Gavra Ganley,EDUCATION
AEBADBFABACA,Daveen Demaine,EDUCATION
ADABBAGABHHE,Candi Shermar,EDUCATION
ABAGAEGAABDD,Sigmund Kingscote,EDUCATION
AHAJBJGFBHDG,Ruben Deere,EDUCATION
ADADDBGABDFF,Urbain Renwick,EDUCATION
JJAGBJEFAHFG,Teddie McCaffery,EDUCATION
BDBBABGADAGB,Jacobo Tsar,EDUCATION
AJAHCJFFBECD,Konstantin Cable,EDUCATION
ACBCAEFAAFGD,Carol-jean Khalid,EDUCATION
JHABAJEFAADG,Pia Ecles,EDUCATION
AJAJBEFFDCHH,Kevon Hardstaff,EDUCATION
AABABBGAAHCF,Abbot Tipple,EDUCATION
ADADBBFABFAC,Genvieve Pettican,EDUCATION
AJACADFFDHDH,Sherill Ebbing,EDUCATION
ADAEAHFFAAJH,Bruce Glasper,EDUCATION
AIAJBBFFBFBF,Julius Whitham,EDUCATION
ABAFCJFFAECD,Denna Truelock,EDUCATION
AFAHBDGAAFEG,Lavinie Mant,EDUCATION
AIAGCJFFBIDE,Michele Denholm,EDUCATION
BBAGBHGAEJJA,Lotty Foster,EDUCATION
AEAFBHFABJHA,Binny Shotton,EDUCATION
BAAECIFFBFHA,Nolly Landsbury,EDUCATION
JGADCDDFAACB,Camellia Gergus,EDUCATION
AHAJAIGFBBIB,Renate Slator,EDUCATION
JHAFDBDAACBG,Alethea Longo,EDUCATION
AHAJAEGFEBGE,Fey Robbins,EDUCATION
JGAJBEDFAACE,Teirtza McKiddin,EDUCATION
BAAJDAGAAJJI,Cleo Cleynaert,EDUCATION
AJABAIGFEBIA,Holli Burdytt,EDUCATION
ABAJCDGFAAJF,Birgitta Jimpson,EDUCATION
JGADCJEABFBI,Thaine Barizeret,EDUCATION
AFBBBIFABAAE,Meggi Biers,EDUCATION
AHACCFGFBDIH,Missy Accombe,EDUCATION
AGAIBHGFIECF,Agnola Buckby,EDUCATION
BBAGAGGABGAJ,Yvor Thunders,EDUCATION
BBAHBJFABGHH,Whitney Blagdon,EDUCATION
ADAICEFABCIE,Nerita Georgius,EDUCATION
BCAHBDFAEAJG,Wendall Yakovliv,EDUCATION
AFBCBCGFAGCE,Petronilla Clemoes,EDUCATION
BAAHCFFFDEAC,Lita Innerstone,EDUCATION
ACBCBJFABEDE,Katleen Bartolini,EDUCATION
ACAICIGFAGFF,Maurizia Greenleaf,EDUCATION
BAAHCCFFFAIG,Wilek MacCoughen,EDUCATION
AJBCCDFFEEBF,Ali Hitscher,EDUCATION
AGBCCGFFABHA,Rudolf Burnsall,EDUCATION
JGAGAFDAAFGD,Rodger Wilden,EDUCATION
AHAEDAFACADD,Breanne Braun,EDUCATION
BEBCABGABICD,Ahmed Kirwan,EDUCATION
ABBBABGAAGGH,Deanne Mityushin,EDUCATION
ADBCAFFFAEDI,Berton Molden,EDUCATION
ACAICIFFADDB,Celeste Duddin,EDUCATION
AAAEBCGFAABF,Enriqueta Kliemke,EDUCATION
AAAHCAGIBCDI,Adlai Brewer,EDUCATION
ADAHAIGFAGEE,Sayers Skupinski,EDUCATION
AHAIADFFCDJA,Ciro Brister,EDUCATION
JJBBCGEAAEGF,Albina Mousdall,EDUCATION
JIADCADABHAE,Barde Yakubovics,EDUCATION
ADAIAGFAAHED,Leonard Dyball,EDUCATION
AGAHCJGAABDC,Gardiner Ludewig,EDUCATION
AGABAJFAAHEI,Wain Bantock,EDUCATION
JJBBBHDFAGHE,Brandais Meffin,EDUCATION
ABAIBAFFABED,Gallard Higginbottam,EDUCATION
JHAGCIEFABBH,Marve Lathee,EDUCATION
AGAHBEFFBHFD,Timothea Kneale,EDUCATION
JJAGCEDFABJC,Glen Senecaux,EDUCATION
JJAHBDDFAFGC,Channa Aleshintsev,EDUCATION
ACAGCFGAAHBE,Celestina Grinsdale,EDUCATION
BAAFCBGAABDB,Hewitt Cheson,EDUCATION
AFAGAIFFBJCD,Stormi Werrilow,EDUCATION
JIABABEFAEGA,Othello Burghall,EDUCATION
JFAFAJEAAHFE,Zeb McKechnie,EDUCATION
JIAFDBEABCGC,Denney Sansum,EDUCATION
BBAGACFADJAE,Isiahi Yannoni,EDUCATION
ABAFCHGAADBD,Adan Chaloner,EDUCATION
ABABBIFFAFFI,Brent Moreman,EDUCATION
AGBCBFFAAEDB,Vivia Bortolomei,EDUCATION
AHAECHGABHFF,Ollie Penhalurick,EDUCATION
AEAFCFGFABCG,Tripp Hardinge,EDUCATION
ADBBCBFFBBIC,Sybille Howes,EDUCATION
AEADBHFABDJJ,Katina Palser,EDUCATION
AEAIAFFABBGD,Griffie Viney,EDUCATION
AIAHCDGFAFJG,Grove Eager,EDUCATION
AFAEDAFAAHAD,Latrina Darwen,EDUCATION
AEADBAFAAHFJ,Charmain Shevlin,EDUCATION
JIAGCAEFBBAD,Darcee Jantet,EDUCATION
ACAHCFFFBDHH,Sisile Doreward,EDUCATION
JHAFAIDFAFCE,Tamera Huller,EDUCATION
AAAHBHGFAICG,Neile McKew,EDUCATION
BBAHADGACHGD,Gianni Swannell,EDUCATION
ADBBCJFABABA,Evania Rigler,EDUCATION
JJAHBAEAAJJC,Guenna Hanmer,EDUCATION
AIABDAGFDIIE,Jemie Couldwell,EDUCATION
ADAFAEFFBBGB,Alana Johnigan,EDUCATION
AHAJBIGFEFBH,Patrizio Bulley,EDUCATION
AJBBABFFAJBJ,Jenifer Perel,EDUCATION
AGAGBAGABAFE,Lilia Gauge,EDUCATION
JJBAACDAABGH,Jeanna Thynn,EDUCATION
AGAGACFAAECC,Ursa Jiracek,EDUCATION
BCBCAHFAEICA,Merna Wiersma,EDUCATION
AFBBCCGAABFD,Bondy Floyed,EDUCATION
BAAGACFFEIFI,Alain Sperwell,EDUCATION
JIAFCHDFBDAI,Val Beere,EDUCATION
JIABCHEFAHDD,Britteny Fildes,EDUCATION
JJAGBCDFABFH,Bettina Feben,EDUCATION
ACAHBAGFAFCE,Karola Picford,EDUCATION
ABBABAGFAADE,Hastie Darinton,EDUCATION
ADBCBFFABCAG,Rozina Sowrah,EDUCATION
JFAEAHEFAHHG,Hube Glynn,EDUCATION
AFAJBHGFAJAB,Kimberlee Van Driel,EDUCATION
AIAEBJGFACBG,Jemmie Sanchez,EDUCATION
BBAHBFGAAFIE,Hurley Flori,EDUCATION
AIABABGFAHGC,Toiboid Crenshaw,EDUCATION
BCADBDGAFDJD,Janelle Commin,EDUCATION
AGAHACGFABEB,Ase Farfull,EDUCATION
AEBBACFAAFBC,Marlo Phipp,EDUCATION
AAABAFGFABDF,Cal Fishpond,EDUCATION
AIBBBDFFEEDD,Byron Zavattari,EDUCATION
AFAGBEFFACGE,Morna Colquit,EDUCATION
BDAJCHFAEHDF,Kilian Scough,EDUCATION
JHAGBEEABEHI,Lilli Cowpertwait,EDUCATION
AGAFBJFAAHGJ,Nolie Stoute,EDUCATION
AEBBBAGABACF,Lorianna Baldelli,EDUCATION
BBADCGFFAADE,Natale Bahde,EDUCATION
AEBAADGFAFBH,Kissee Kobsch,EDUCATION
ACBCBEFAAEGJ,Raynor Burnage,EDUCATION
AIACBCFFAEGC,Mellie Pringell,EDUCATION
AEAFCIFFBGJB,Laurene Menichi,EDUCATION
AJBBBFFFBADB,Honor Hargie,EDUCATION
BFADAJFABDFI,Evelina Girardot,EDUCATION
AIACBHFFCIDC,Myron Sprules,EDUCATION
ACADAIFFABDG,Lexi Boutwell,EDUCATION
BFAGCIGADCHG,Christie Morena,EDUCATION
ADAJBAGFBBFF,Blondelle Tibalt,EDUCATION
JIACBFDABDAH,Koenraad McKimm,EDUCATION
JGAHCEEFBHEJ,Ric Bertin,EDUCATION
ABBBBDGAAEHE,Hatty Atger,EDUCATION
AHBCCDFFAFBC,Ardyth Wesker,EDUCATION
JGAFCHEFAIBF,Zebulon Jarmyn,EDUCATION
ADAFBHGAACFD,Carleen Mertel,EDUCATION
ACAFBGGFACBC,Anny Halbeard,EDUCATION
AHBBDAFFEGJJ,Aggie Laboune,EDUCATION
ADAFDBFAAJHH,Wanda Pideon,EDUCATION
ADBBAJGFABBF,Adolphe Dorsett,EDUCATION
ADAICFGFAJDI,Justen Bernardos,EDUCATION
JHABAEDAAEEC,Shoshana Northover,EDUCATION
BDBBAHGAEADC,Albrecht Beamand,EDUCATION
AAAGCGFFAEDJ,Zilvia Vesque,EDUCATION
AFAGAGFABCEC,Gregg Byrcher,EDUCATION
JJADBJEFAECI,Craggy Foss,EDUCATION
AGACBEFAADCE,Lazarus Jose,EDUCATION
AAADBJFFAHDH,Mara Tedman,EDUCATION
AFAICHFFBCHA,Filberte Bauduin,EDUCATION
AHBCBIGFBACE,Kelila Mellish,EDUCATION
ACAFAIFAAECE,Fernande Vasenkov,EDUCATION
AIAHADFFFCDE,Marti Rodolfi,EDUCATION
JJAJCCDFBCGH,Torrin Deniset,EDUCATION
BEABBGGADDBH,Demetris Peschke,EDUCATION
JIAHAGEAADBE,Darill Yglesias,EDUCATION
JHADBHEFAFHC,Mordy Skitral,EDUCATION
AJAJAEFAABFC,Kaleb Avieson,EDUCATION
AIAFDBFFEDJA,Sigismondo East,EDUCATION
AFAIBJGAAJEC,Amber Beech,EDUCATION
JIAHBDDAAADJ,Melisandra Lynn,EDUCATION
JGACCDEFBFGI,Agretha McErlaine,EDUCATION
JIBCBIEAAHEA,Arlee Conkey,EDUCATION
AJBABIFFCDGC,Fifi Kaplin,EDUCATION
AFAICBGABBEJ,Malinda Abrahamoff,EDUCATION
ABAECGFFADDE,Peggy Kilmister,EDUCATION
AGAGCBFFBACE,Beverlie Assard,EDUCATION
BCAHAIFADECH,Taddeusz Echallier,EDUCATION
AEBCCGFAADIJ,Gale Morrel,EDUCATION
AJBCCHFFDAFH,Alanna Scothron,EDUCATION
JIADAFEFACJB,Opaline Lockyer,EDUCATION
BAACBJFFFBCA,Lilas Gonthier,EDUCATION
AGBBACFFBAIF,Percival Merrydew,EDUCATION
BBAHCEGACBAD,Libbey Gooddie,EDUCATION
AHACAHGFAIEG,Dinny Finlay,EDUCATION
AFAFCJGAAEHA,Alyosha Cockerham,EDUCATION
BBBBDAFAAJBH,Vergil Earie,EDUCATION
BBBABEGAEJHF,Gael Mawford,EDUCATION
AEAJCHGAADHD,Hillel Gallant,EDUCATION
ADAGCEFFBBAE,Fredia McPike,EDUCATION
AEAHCBFAAJCB,Merl Rosthorn,EDUCATION
JJAJBBAAAABI,Corinna Speaks,EDUCATION
ADAEBEGAACID,Ellswerth Simionescu,EDUCATION
JGADAEDABCBI,Gabriele Walesby,EDUCATION
BBAIADFAFBBC,Nikolia Stinson,EDUCATION
AIBABGGFDJEG,Modesta Kubera,EDUCATION
ADBCACGAACGD,Devondra Twoohy,EDUCATION
JIABCGAAFEEH,Nicoline Ansty,EDUCATION
JGBAAHEAACEE,Clemmie Kilrow,EDUCATION
JHABAHEFBDBA,Dick Hyne,EDUCATION
ABAEBCGFACEF,Erda Reason,EDUCATION
AEBBCBFABABJ,Eugene Spuner,EDUCATION
AEAICHGAABIB,Lev Ben-Aharon,EDUCATION
AJABBAGFEDBE,Benny Risely,EDUCATION
AFBCBBGFBCAA,Maryanne Shakespear,EDUCATION
BBACBHGACCEG,Doro Hain,EDUCATION
AHAECDFFBBCJ,Isabella Deller,EDUCATION
BAABCIGFECDD,Jannelle Manifield,EDUCATION
AJAJAFFFADGC,Sigfrid Juris,EDUCATION
AGAJAFFABHAF,Shanda Lufkin,EDUCATION
AJAJADFFCDAI,Susie Hastelow,EDUCATION
JGAEBFDAADDC,Gladi Jelfs,EDUCATION
AABBCBGAAECG,Karena Oels,EDUCATION
AJBCAGGFDGJD,Inessa Grisley,EDUCATION
AAAEBGFABCEA,Gill Grishaev,EDUCATION
AHAIBCFFDGHF,Ardath Grigoletti,EDUCATION
BAAJCHFFAJAB,Herbie MacAvddy,EDUCATION
ADAECBFFBFBH,Padgett Etty,EDUCATION
JHACBCEFBEHA,Flinn Hulburd,EDUCATION
AGADBFGFAFGE,Austina Ellins,EDUCATION
AGBBCFFAABCF,Joceline Stroulger,EDUCATION
AAAHACFFADDC,Mignonne Ingray,EDUCATION
ADBBCHGAAHHB,Arnuad Gladwell,EDUCATION
JHAGCEEAACHI,Willyt Creigan,EDUCATION
ABAFBAGFAIIC,Tonia Garahan,EDUCATION
AGADDBFFBHFB,Loren Pallent,EDUCATION
BBADAEFADDJC,Christoph Chesman,EDUCATION
AEABACFFAHDE,Rozella Berthouloume,EDUCATION
JIAHBJDFBEBC,Korney King,EDUCATION
AAAHBJFFAJHI,Murvyn Meese,EDUCATION
AHACACFFBFFD,Pail Crudginton,EDUCATION
BEAJBBGACAAG,Tomi McAtamney,EDUCATION
AFACBEFAAHDJ,Kacey Huckfield,EDUCATION
BAABBHGFBJGC,Kiah Magwood,EDUCATION
ACAIABGFBDCJ,Mandi Ketts,EDUCATION
AEAFBHFAAHFE,Wilone Gethins,EDUCATION
BBAGCDFACBCI,Ginnifer Lackmann,EDUCATION
JIAIBIEAACDE,Joellyn Delamar,EDUCATION
AIAFCHGFDCII,Della Kersley,EDUCATION
AIABDBGFECJD,Tymothy McGovern,EDUCATION
ACAFCBFFBACD,Orlando Delamar,EDUCATION
AIADBFGFDDAE,Carlie Starbuck,EDUCATION
AGAJABFFBAJG,Lynette Robottham,EDUCATION
AEBAAFGAADID,Gaylor McCrachen,EDUCATION
AABBAHFFAIJG,Kelci Bielby,EDUCATION
AFADAJFABDEH,Valentine Buntin,EDUCATION
AGAEAIFFBDED,Haydon Darrigoe,EDUCATION
BDAHDAGAGAHD,Dannel Scardifeild,EDUCATION
JEABBJEFBBCC,Harriot Rawkesby,EDUCATION
BAAFBEFFFFFA,Sascha Glazzard,EDUCATION
BCAHCAFABJJB,Gabrila Gunston,EDUCATION
AAAJBEFABBDJ,Terrance Habbert,EDUCATION
JHAICHEAACIB,Farica Jewks,EDUCATION
ABBCBEFAACDJ,Arlina Garrould,EDUCATION
AFAIBCFAAJDI,Tybi Bohey,EDUCATION
AEBAAGFAAEEB,Wilone Kynsey,EDUCATION
BEACCGFAEEIJ,Yulma Hunn,EDUCATION
AFAFCHFFADAA,Heindrick Weare,EDUCATION
JGAGCDEJJABB,Pippy Rankine,EDUCATION
BABBBHGADBCC,Hillard Sewter,EDUCATION
JHAHDAEAAJBI,Tynan Towers,EDUCATION
ADAHABGFBDDH,Sigismond Nudds,EDUCATION
AJADBAFFABFC,Stan Dovington,EDUCATION
JIBBBGEAAAEC,Oswald Syers,EDUCATION
AHAFBGGFBIJE,Guntar Sebrook,EDUCATION
AHAEAEFACDEF,Myriam Stickney,EDUCATION
ADAJBAFAAGEA,Anastasia Chatterton,EDUCATION
ADAJAEGFAJIH,Pat Daenen,EDUCATION
AHADCEGABAFB,Donelle Kuhnke,EDUCATION
JFAGCEDFABGF,Harris Leward,EDUCATION
AHAHBFGFAGGI,Isador May,EDUCATION
AAABBDFAAGFB,Brook Allanby,EDUCATION
AJACBBGFCJFH,Neo Direct,EDUCATION
