:END_ID,source,:START_ID,start_date,end_date,type
JHACEAAACIHG,MON_RK,AEBADBFABACA,28.08.2020,,УЧИЛСЯ
JDAGEAAAACGC,MON_RK,BAAJDAGAAJJI,08.08.2018,,УЧИЛСЯ
JJBAEAAABDDB,MON_RK,BAADAFGFBGHH,01.09.2015,10.09.2019,УЧИЛСЯ
JHBCEAAACIGJ,MON_RK,AFBBCCGAABFD,01.09.2011,12.06.2021,УЧИЛСЯ
JDAFEAAAADAI,MON_RK,BBBBDAFAAJBH,01.09.2018,,УЧИЛСЯ
JJBAEAAABDDB,MON_RK,AJAGAIGFBBFE,01.09.2015,,УЧИЛСЯ
JJBAEAAABDDB,MON_RK,JIBCCJEABACF,18.06.2014,01.09.2016,УЧИЛСЯ
BEAJEBAAIIFD,MON_RK,ADBBAJGFABBF,23.05.2016,09.11.2018,УЧИЛСЯ
JHACEAAACIHG,MON_RK,AEAIAFFABBGD,31.08.2011,03.06.2020,УЧИЛСЯ
JHBCEAAACIGJ,MON_RK,AFBBCCGAABFD,31.08.2021,,УЧИЛСЯ
JHACEAAAACJF,MON_RK,AEABACFFAHDE,01.09.2010,28.08.2015,УЧИЛСЯ
JHACEAAAACJF,MON_RK,ACAIABGFBDCJ,01.09.2009,14.06.2018,УЧИЛСЯ
JJBAEAAABDDB,MON_RK,AJAECGFFBBCJ,01.09.2015,,УЧИЛСЯ
JHBCEAAACIGJ,MON_RK,AEADDAFAABHD,31.08.2019,15.08.2019,УЧИЛСЯ
AGBBEAAAFEID,MON_RK,AHAJAEGFEBGE,29.08.2014,,УЧИЛСЯ
AIAIEAAAJHJB,MON_RK,AJABAIGFEBIA,05.09.2019,,УЧИЛСЯ
JJBAEAAABDDB,MON_RK,BAADAFGFBGHH,28.07.2020,02.11.2021,УЧИЛСЯ
JJBAEAAABDDB,MON_RK,AHAECHGABHFF,28.08.2015,22.11.2018,УЧИЛСЯ
JHBCEAAACIGJ,MON_RK,ADAEBEGAACID,31.08.2009,13.09.2019,УЧИЛСЯ
JJBAEAAABDDB,MON_RK,AGAJCFFFAJIA,02.09.2013,20.08.2015,УЧИЛСЯ
ABBBEAAADGCG,MON_RK,AHAECBGABDEG,29.08.2013,12.08.2015,УЧИЛСЯ
JHAEEAAAAHJI,MON_RK,AJACAHGFDGFG,02.02.2018,24.08.2018,УЧИЛСЯ
BFAJEAAAIDHE,MON_RK,BDAHDAGAGAHD,09.01.2020,,УЧИЛСЯ
JJBAEAAABDDB,MON_RK,AHAHCGFFACDH,02.09.2013,,УЧИЛСЯ
JHACEAAACIHG,MON_RK,AEAIAFFABBGD,28.08.2020,,УЧИЛСЯ
AIAIEAAAFFIJ,MON_RK,JFAGBDEJJABF,01.09.2012,21.06.2013,УЧИЛСЯ
JGBCEAAAAFFD,MON_RK,AIACADFFACBF,28.06.2016,08.01.2021,УЧИЛСЯ
JHBBEAAABGFJ,MON_RK,BEADAJGABICI,01.09.2020,,УЧИЛСЯ
JHACEAAADCFI,MON_RK,AJABCBFFBIEE,05.09.2014,,УЧИЛСЯ
JHAIEAAAAJIA,MON_RK,BABBCGGADACC,03.09.2016,03.03.2017,УЧИЛСЯ
JJAJEAAACHEG,MON_RK,BBAIADFAFBBC,26.08.2018,,УЧИЛСЯ
AIAIEAAAJHJB,MON_RK,BBACBHGAEGGJ,05.09.2019,,УЧИЛСЯ
AEAIEAAAEDAF,MON_RK,AJBABIFFCDGC,31.08.2016,,УЧИЛСЯ
JFAGEAAABDCD,MON_RK,AHAECDFFBBCJ,31.08.2013,13.06.2022,УЧИЛСЯ
JJAJEAAACHEG,MON_RK,BBAGBHGAEJJA,28.08.2017,,УЧИЛСЯ
BAADEAAAGAFE,MON_RK,ADAFBHGAACFD,,02.09.2013,УЧИЛСЯ
ABBBEAAADGCG,MON_RK,AEAEAHGAAIBB,16.10.2015,25.08.2016,УЧИЛСЯ
BFAJEAAAEIBH,MON_RK,AHBBABFFACIB,28.08.2017,,УЧИЛСЯ
JHACEAAACIHG,MON_RK,AFBBBIFABAAE,31.08.2021,,УЧИЛСЯ
JJAFEAAADECC,MON_RK,BEACCGFAEEIJ,29.08.2019,,УЧИЛСЯ
BEAJEBAAIIFD,MON_RK,AFBBCFFFACHJ,23.05.2018,,УЧИЛСЯ
AIAIEAAAJHJB,MON_RK,AFAJBHGFAJAB,01.09.2012,01.08.2015,УЧИЛСЯ
JHACEAAAACJF,MON_RK,AHAFCBFFCEDH,01.09.2015,12.11.2018,УЧИЛСЯ
JHABEAAACABD,MON_RK,AFAGBEFFACGE,10.06.2021,,УЧИЛСЯ
JIABEAAACJED,MON_RK,AAABBDFAAGFB,29.09.2014,20.08.2015,УЧИЛСЯ
JHABEAAACABD,MON_RK,JFAEAHEFAHHG,01.09.2002,15.06.2013,УЧИЛСЯ
BEAJEBAAIIFD,MON_RK,ABBABAGFAADE,05.01.2015,12.11.2018,УЧИЛСЯ
BEAJEBAAIIFD,MON_RK,AFAGAIFFBJCD,23.05.2018,,УЧИЛСЯ
BHAIEAAACHJB,MON_RK,BAAFBEFFFFFA,14.06.2021,,УЧИЛСЯ
JHACEAAADIGE,MON_RK,AHADCEGABAFB,31.10.2017,,УЧИЛСЯ
BEAJEBAAIIFD,MON_RK,ADAGCEFFBBAE,24.05.2016,,УЧИЛСЯ
JJBAEAAABDDB,MON_RK,AGADBFGFAFGE,09.01.2014,11.08.2017,УЧИЛСЯ
JDAGEAAAACGC,MON_RK,AJAHBDFFCADI,01.09.2015,26.04.2016,УЧИЛСЯ
AFBAEAAAGGAE,MON_RK,AAABAFGFABDF,01.05.2006,16.06.2015,УЧИЛСЯ
AFBAEAAAGGAE,MON_RK,AAABAFGFABDF,01.09.2006,16.06.2015,УЧИЛСЯ
BHAIEAAACHJB,MON_RK,AIADBFGFDDAE,02.09.2019,,УЧИЛСЯ
JHACEAAACIHG,MON_RK,AIABAGFFDFBB,01.09.2015,28.08.2018,УЧИЛСЯ
JHAEEAAAAHJI,MON_RK,BBAFABFAECBG,18.08.2017,19.02.2021,УЧИЛСЯ
JHABEAAACABD,MON_RK,AJAJAIGFBBBF,28.05.2018,,УЧИЛСЯ
AIAIEAAAFFIJ,MON_RK,JHADBHEFAFHC,09.01.2009,05.09.2013,УЧИЛСЯ
AGBBEAAAFEID,MON_RK,AHAIBCFFDGHF,29.08.2014,24.08.2018,УЧИЛСЯ
AFBAEAAAGGAE,MON_RK,ABABCGFFACBE,01.09.2007,16.06.2016,УЧИЛСЯ
JHAEEAAADABJ,MON_RK,AIAHADFFFCDE,31.08.2014,07.08.2020,УЧИЛСЯ
AIAIEAAAFFIJ,MON_RK,ACAHCFFFBDHH,05.09.2017,09.09.2017,УЧИЛСЯ
JGBCEAAAAFFD,MON_RK,BBAHCEGAECFJ,19.09.2017,09.07.2019,УЧИЛСЯ
AIAIEAAAJHJB,MON_RK,AJBBABFFEAEE,05.09.2019,13.01.2021,УЧИЛСЯ
AGBBEAAAFEID,MON_RK,AJADBAFFABFC,16.07.2018,,УЧИЛСЯ
AGBBEAAAFEID,MON_RK,AJBCCDFFEEBF,02.09.2017,04.07.2020,УЧИЛСЯ
AGBBEAAAFEID,MON_RK,AJBCCDFFEEBF,13.01.2021,,УЧИЛСЯ
AGBBEAAAFEID,MON_RK,AJBCCDFFEEBF,01.02.2016,25.05.2016,УЧИЛСЯ
AABAEAAACBCH,MON_RK,AHBCCDFFAFBC,04.09.2017,04.08.2021,УЧИЛСЯ
JHACEAAADIGE,MON_RK,JJAHDADABHJF,01.09.2015,19.06.2015,УЧИЛСЯ
BEAJEBAAIIFD,MON_RK,ABAFBAGFAIIC,05.01.2015,13.06.2020,УЧИЛСЯ
BAADEAAAGAFE,MON_RK,AHAEDAFACADD,12.12.2018,30.10.2019,УЧИЛСЯ
AAABEAAADBAG,MON_RK,AAAJBEFABBDJ,31.08.2016,25.06.2018,УЧИЛСЯ
BFAJEAAAEIBH,MON_RK,AAAEAEGAAJCH,12.08.2016,30.06.2018,УЧИЛСЯ
BEAJEBAAIIFD,MON_RK,AEACBCFFACEH,23.05.2016,25.07.2017,УЧИЛСЯ
AGBBEAAAFEID,MON_RK,BAAECCFFCJGC,11.08.2016,16.07.2020,УЧИЛСЯ
JHACEAAADCFI,MON_RK,AIAEDAFFCAHI,24.08.2018,20.08.2019,УЧИЛСЯ
JHACEAAADCFI,MON_RK,ABBBBDGAAEHE,07.09.2015,12.06.2019,УЧИЛСЯ
JDAGEAAAACGC,MON_RK,AAAEBCGFAABF,25.08.2015,01.07.2017,УЧИЛСЯ
JHBCEAAACIGJ,MON_RK,ACAIAHFABJBD,31.08.2009,27.08.2019,УЧИЛСЯ
AEAIEAAAEDAF,MON_RK,AIAGCJFFBIDE,27.08.2019,02.09.2019,УЧИЛСЯ
BEAJEBAAIIFD,MON_RK,ACAHBAGFAFCE,14.08.2015,14.06.2021,УЧИЛСЯ
JHBCEAAACIGJ,MON_RK,AHAIADFFCDJA,31.08.2012,07.08.2019,УЧИЛСЯ
JHACEAAAACJF,MON_RK,AIADBHGFEIHJ,01.09.2014,05.09.2014,УЧИЛСЯ
JJBAEAAABDDB,MON_RK,AGAJCHGFAFDB,13.08.2021,,УЧИЛСЯ
JJBAEAAABDDB,MON_RK,AGAJCHGFAFDB,03.09.2019,07.06.2021,УЧИЛСЯ
JHABEAAACABD,MON_RK,BBAHCEGACBAD,05.09.2017,17.07.2019,УЧИЛСЯ
BEAJEBAAIIFD,MON_RK,AEBAADGFAFBH,19.06.2017,,УЧИЛСЯ
JHACEAAACIHG,MON_RK,AEBBCBFABABJ,28.08.2020,13.01.2022,УЧИЛСЯ
JHAIEAAAAJIA,MON_RK,BBBCBIGADFAA,11.10.2017,31.03.2021,УЧИЛСЯ
ABBBEAAADGCG,MON_RK,AJAICBGFDCAI,01.09.2015,16.07.2020,УЧИЛСЯ
JJBAEAAABDDB,MON_RK,AJBBABFFAJBJ,24.08.2015,10.06.2020,УЧИЛСЯ
BAADEAAAGAFE,MON_RK,AJAJAEFAABFC,05.09.2016,13.01.2020,УЧИЛСЯ
JDAFEAAAADAI,MON_RK,ADAHABGFBDDH,04.09.2010,03.06.2016,УЧИЛСЯ
JDAFEAAAADAI,MON_RK,ADAHABGFBDDH,24.08.2020,12.06.2021,УЧИЛСЯ
JJAGEAAACFEH,MON_RK,AJAJCJFFDHCE,19.01.2021,24.09.2021,УЧИЛСЯ
JHAIEAAAAJIA,MON_RK,AJADCIGFBHCH,27.09.2021,,УЧИЛСЯ
ABBAEAAAEDID,MON_RK,AFAHBDGAAFEG,05.01.2008,06.11.2018,УЧИЛСЯ
JDAFEAAAADAI,MON_RK,JIBCAEDFAFDG,05.09.2008,03.02.2017,УЧИЛСЯ
JHBAEAAABFBG,MON_RK,ACABADGFABHI,05.09.2012,09.01.2015,УЧИЛСЯ
ABBBEAAADGCG,MON_RK,ABAFCHGAADBD,03.09.2016,18.06.2018,УЧИЛСЯ
JJAJEAAABHEI,MON_RK,AJABBAGFEDBE,07.09.2015,07.06.2017,УЧИЛСЯ
JJAGEAAACFEH,MON_RK,AGABCCFFBDCJ,05.09.2013,26.08.2017,УЧИЛСЯ
JIABEAAACJED,MON_RK,ADBCBFFABCAG,18.08.2015,31.08.2016,УЧИЛСЯ
AAAEEAAAEIJJ,MON_RK,ADAFDBFAAJHH,01.09.2009,31.08.2019,УЧИЛСЯ
AGBBEAAAFEID,MON_RK,AHAHCEGFAJGG,29.08.2014,27.08.2016,УЧИЛСЯ
JGBCEAAAAFFD,MON_RK,BAAHAHFFEEFC,04.09.2017,12.03.2019,УЧИЛСЯ
ABBBEAAADGCG,MON_RK,JIAHAGEAADBE,05.09.2013,25.06.2015,УЧИЛСЯ
JJAJEAAABHEI,MON_RK,AIAFDBFFEDJA,29.10.2019,09.08.2021,УЧИЛСЯ
JGBCEAAAAFFD,MON_RK,AEAFCFGFABCG,28.08.2020,,УЧИЛСЯ
JJAJEAAABHEI,MON_RK,AIAFDBFFEDJA,05.09.2015,08.08.2018,УЧИЛСЯ
JJAJEAAABHEI,MON_RK,AIAFDBFFEDJA,18.01.2022,,УЧИЛСЯ
JHACEAAADCFI,MON_RK,AIABDBGFECJD,15.08.2018,,УЧИЛСЯ
JHACEAAADCFI,MON_RK,AIABDBGFECJD,28.08.2017,20.11.2017,УЧИЛСЯ
AABAEAAACBCH,MON_RK,JJAJCCDFBCGH,16.04.2014,03.11.2014,УЧИЛСЯ
BAADEAAAGAFE,MON_RK,AHBBDAFFEGJJ,29.08.2014,,УЧИЛСЯ
AABAEAAACBCH,MON_RK,ADAHAIGFAGEE,21.11.2014,01.09.2016,УЧИЛСЯ
ABBBEAAADGCG,MON_RK,JHAHDAEAAJBI,01.09.2003,25.06.2014,УЧИЛСЯ
JJAJEAAACHEG,MON_RK,AIAFCHGFDCII,28.08.2014,08.08.2018,УЧИЛСЯ
JJAJEAAACHEG,MON_RK,AGBBCEFABIIB,18.08.2017,,УЧИЛСЯ
ABBBEAAADGCG,MON_RK,AEBCCGFAADIJ,17.08.2020,16.06.2022,УЧИЛСЯ
ABBBEAAADGCG,MON_RK,AEBCCGFAADIJ,05.09.2013,04.06.2020,УЧИЛСЯ
ABBBEAAADEJI,MON_RK,ACAGCFGAAHBE,05.09.2017,26.10.2018,УЧИЛСЯ
JJAJEAAACHEG,MON_RK,AIAFCHGFDCII,10.07.2018,,УЧИЛСЯ
JHACEAAACIHG,MON_RK,AIAHCAFFDDGA,29.08.2014,20.08.2015,УЧИЛСЯ
JHAEEAAADABJ,MON_RK,AHAJBIGFEFBH,31.08.2014,06.08.2019,УЧИЛСЯ
AGBBEAAAFEID,MON_RK,AHACBBGFADJC,06.02.2015,08.08.2018,УЧИЛСЯ
JGBCEAAAAFFD,MON_RK,AFAECAAAABJC,02.03.2016,07.06.2021,УЧИЛСЯ
ABBBEAAADGCG,MON_RK,AGACBEFAADCE,05.09.2013,20.11.2020,УЧИЛСЯ
ABBBEAAADGCG,MON_RK,AEAJCHGAADHD,08.06.2020,17.08.2020,УЧИЛСЯ
ABBBEAAADGCG,MON_RK,AEAJCHGAADHD,29.08.2018,04.06.2020,УЧИЛСЯ
AFBAEAAAGGAE,MON_RK,AAAHACFFADDC,03.09.2007,16.06.2016,УЧИЛСЯ
JGBCEAAAAFFD,MON_RK,ADADDBFFBDBF,28.08.2010,28.08.2014,УЧИЛСЯ
ABBBEAAADGCG,MON_RK,AEAIAFGAAAJC,05.09.2013,10.06.2021,УЧИЛСЯ
ABBBEAAADGCG,MON_RK,JHAICHEAACIB,01.09.2003,25.06.2014,УЧИЛСЯ
BAADEAAAGAFE,MON_RK,JIAFDBEABCGC,25.10.2013,18.06.2015,УЧИЛСЯ
AIAIEAAAFFIJ,MON_RK,ACADAIFFABDG,01.09.2009,05.09.2017,УЧИЛСЯ
ABBBEAAADEJI,MON_RK,JIADBCDAAIHB,05.09.2004,20.06.2015,УЧИЛСЯ
AIAIEAAAJHJB,MON_RK,JJAGBJEFAHFG,08.10.2009,17.06.2015,УЧИЛСЯ
AFBAEAAAGGAE,MON_RK,JHACBCEFBEHA,03.09.2007,12.06.2014,УЧИЛСЯ
JHACEAAADIGE,MON_RK,JGADAEDABCBI,,20.06.2013,УЧИЛСЯ
JHABEAAACABD,MON_RK,ABBCABFFABDF,04.09.2017,07.06.2019,УЧИЛСЯ
ABBBEAAADEJI,MON_RK,ABBCBEFAACDJ,05.09.2017,12.06.2019,УЧИЛСЯ
AIAIEAAAFFIJ,MON_RK,JHABAHEFBDBA,01.09.2009,04.09.2013,УЧИЛСЯ
JHBAEAAABFBG,MON_RK,AAAJBFGFACII,05.09.2016,15.06.2018,УЧИЛСЯ
JHBAEAAABFBG,MON_RK,JJADBJEFAECI,01.09.2009,17.06.2016,УЧИЛСЯ
JDAGEAAAACGC,MON_RK,AFACBFFFAHIA,22.08.2019,07.06.2021,УЧИЛСЯ
AIAIEAAAJHJB,MON_RK,AAAHBJFFAJHI,05.09.2016,02.07.2018,УЧИЛСЯ
JHABEAAACABD,MON_RK,AEAIBBFFBIEG,05.09.2014,29.08.2017,УЧИЛСЯ
BEAJEBAAIIFD,MON_RK,AEAFCAFFADDA,22.11.2016,04.11.2017,УЧИЛСЯ
JHAEEAAAAHJI,MON_RK,JIBBBBEFAIHE,05.09.2005,14.08.2014,УЧИЛСЯ
BAADEAAAGAFE,MON_RK,ACAFAIFAAECE,05.09.2017,07.06.2019,УЧИЛСЯ
AIAIEAAAFFIJ,MON_RK,JHAFAIDFAFCE,01.09.2012,18.06.2014,УЧИЛСЯ
JJAGEAAACFEH,MON_RK,ABAFCJFFAECD,01.09.2008,13.06.2017,УЧИЛСЯ
ABBBEAAADGCG,MON_RK,JHAJCEDAACGC,05.09.2013,25.06.2015,УЧИЛСЯ
JIABEAAACJED,MON_RK,AFAFCJGAAEHA,01.09.2011,30.06.2020,УЧИЛСЯ
ABBBEAAADEJI,MON_RK,AAAIBHFAAGJJ,05.09.2006,10.09.2015,УЧИЛСЯ
ABBBEAAADGCG,MON_RK,JGAGAFDAAFGD,02.09.2002,25.06.2013,УЧИЛСЯ
JGBCEAAAAFFD,MON_RK,AAAEDAFFABGG,01.09.2007,27.06.2016,УЧИЛСЯ
ABBBEAAADGCG,MON_RK,AEAICHGAABIB,03.09.2010,10.06.2021,УЧИЛСЯ
AIAIEAAAJHJB,MON_RK,AEBAADGFAJFD,01.09.2010,12.06.2019,УЧИЛСЯ
JHBAEAAABFBG,MON_RK,ACACAHFFADBF,05.09.2017,12.06.2019,УЧИЛСЯ
JHABEAAACABD,MON_RK,JEABBJEFBBCC,01.09.2002,15.06.2013,УЧИЛСЯ
AIAIEAAAJHJB,MON_RK,AGADDBFFBHGB,05.09.2019,21.06.2021,УЧИЛСЯ
AIAIEAAAJHJB,MON_RK,AGADDBFFBHGB,01.09.2021,01.09.2021,УЧИЛСЯ
JDAFEAAAADAI,MON_RK,JGAFCHEFAIBF,05.09.2003,18.06.2014,УЧИЛСЯ
AIAIEAAAJHJB,MON_RK,ADAECBFFBFBH,05.09.2018,03.06.2020,УЧИЛСЯ
JHBCEAAACIGJ,MON_RK,ABAGAEGAABDD,31.08.2006,09.06.2017,УЧИЛСЯ
JIABEAAACJED,MON_RK,AFADCFFABFJC,01.09.2011,30.06.2020,УЧИЛСЯ
BFAJEAAAIDHE,MON_RK,ADAIAGFAAHED,01.09.2015,15.06.2018,УЧИЛСЯ
JIABEAAACJED,MON_RK,AGAGBAGABAFE,01.09.2016,12.06.2021,УЧИЛСЯ
JHACEAAADCFI,MON_RK,ADABAHFABCDG,01.09.2009,03.06.2020,УЧИЛСЯ
JHAEEAAAAHJI,MON_RK,JJAHBHDFBDFE,01.09.2014,17.06.2016,УЧИЛСЯ
BAADEAAAGAFE,MON_RK,ADABBAGABHHE,20.09.2018,20.01.2018,УЧИЛСЯ
ABBBEAAADGCG,MON_RK,JGADCJEABFBI,02.09.2002,25.06.2013,УЧИЛСЯ
ABBBEAAADGCG,MON_RK,JHAGCEEAACHI,01.09.2003,25.06.2014,УЧИЛСЯ
ABBBEAAADEJI,MON_RK,ABBAAIFAACAJ,05.09.2017,12.06.2019,УЧИЛСЯ
ABBBEAAADGCG,MON_RK,ADAJBAFAAGEA,06.08.2018,10.06.2021,УЧИЛСЯ
JHADEAAACEED,MON_RK,ADBBCHGAAHHB,01.09.2009,30.06.2018,УЧИЛСЯ
ABBBEAAADEJI,MON_RK,JIACACDABDGG,05.09.2004,20.06.2015,УЧИЛСЯ
ABBAEAAAEDID,MON_RK,JHBBBDDAAHHB,05.09.2014,16.06.2016,УЧИЛСЯ
JJAJEAAACHEG,MON_RK,JJAHBDDFAFGC,14.08.2014,18.08.2016,УЧИЛСЯ
JGBCEAAAAFFD,MON_RK,AEABCHGFAJAF,28.08.2010,07.06.2019,УЧИЛСЯ
ABBBEAAADGCG,MON_RK,AAAHAJFAADIE,28.08.2015,04.09.2015,УЧИЛСЯ
JHACEAAADIGE,MON_RK,JFAIBAEABGDH,,20.06.2013,УЧИЛСЯ
AAABEAAADBAG,MON_RK,JJAHBAEAAJJC,01.09.2015,24.06.2017,УЧИЛСЯ
JHABEAAACABD,MON_RK,JHBACCEFBDJB,29.04.2013,29.08.2013,УЧИЛСЯ
ABBBEAAADGCG,MON_RK,JIAIBIEAACDE,05.09.2013,25.06.2015,УЧИЛСЯ
ABBBEAAADGCG,MON_RK,AEBCBGFAADCE,26.01.2015,11.01.2017,УЧИЛСЯ
JIABEAAACJED,MON_RK,ACBCBJFABEDE,01.09.2009,30.06.2020,УЧИЛСЯ
JGBCEAAAAFFD,MON_RK,ADAFAEFFBBGB,28.08.2010,07.06.2019,УЧИЛСЯ
AIAIEAAAFFIJ,MON_RK,JHAHBJEFAGGH,01.09.2011,04.09.2013,УЧИЛСЯ
ABBBEAAADGCG,MON_RK,JGBAAHEAACEE,02.09.2002,25.06.2013,УЧИЛСЯ
AFBAEAAAGGAE,MON_RK,AAADBJFFAHDH,01.09.2007,16.06.2016,УЧИЛСЯ
AFBAEAAAGGAE,MON_RK,ABAIBAFFABED,01.09.2016,12.06.2018,УЧИЛСЯ
AFBAEAAAGGAE,MON_RK,AAAGCGFFAEDJ,01.09.2007,01.09.2015,УЧИЛСЯ
AFBAEAAAGGAE,MON_RK,JJBBBHDFAGHE,01.09.2006,16.06.2015,УЧИЛСЯ
AFBAEAAAGGAE,MON_RK,JJAGBCDFABFH,01.09.2007,16.06.2015,УЧИЛСЯ
JGBCEAAAAFFD,MON_RK,BAAECIFFBFHA,02.08.2016,,УЧИЛСЯ
JGBCEAAAAFFD,MON_RK,JIAHBJDFBEBC,01.09.2005,18.06.2014,УЧИЛСЯ
BFAJEAAAIDHE,MON_RK,BEABBGGADDBH,04.06.2020,,УЧИЛСЯ
JGBCEAAAAFFD,MON_RK,JHABAJEFAADG,01.09.2003,19.06.2014,УЧИЛСЯ
JGBCEAAAAFFD,MON_RK,AABBAHFFAIJG,01.09.2007,20.06.2016,УЧИЛСЯ
JGBCEAAAAFFD,MON_RK,ACAICIGFAGFF,01.09.2009,11.06.2018,УЧИЛСЯ
AEAIEAAAEDAF,MON_RK,BABBBHGADBCC,29.08.2015,,УЧИЛСЯ
AEAIEAAAEDAF,MON_RK,BCAHBDFAEAJG,29.08.2018,,УЧИЛСЯ
AEAIEAAAEDAF,MON_RK,BEAGAJGAEIDD,02.12.2020,18.08.2021,УЧИЛСЯ
ABBBEAAADGCG,MON_RK,AEBAAFGAADID,08.06.2020,17.08.2020,УЧИЛСЯ
JHACEAAAACJF,MON_RK,BBADCGFFAADE,02.09.2017,20.02.2018,УЧИЛСЯ
AEAIEAAAEDAF,MON_RK,BCAJBJFADJHD,29.08.2018,,УЧИЛСЯ
AEAIEAAAEDAF,MON_RK,BAAHCAFFBHFG,29.08.2015,,УЧИЛСЯ
ABBBEAAADGCG,MON_RK,JIABCGAAFEEH,03.09.2011,25.06.2013,УЧИЛСЯ
AAABEAAADBAG,MON_RK,ACBCAEFAAFGD,01.09.2009,10.09.2019,УЧИЛСЯ
ACBBEAAAEGCG,MON_RK,AFADAJFABDEH,03.09.2016,,УЧИЛСЯ
ACBBEAAAEGCG,MON_RK,AGBBBJGAABIJ,07.11.2014,29.08.2018,УЧИЛСЯ
ACBBEAAAEGCG,MON_RK,AGBBBJGAABIJ,01.09.2012,29.08.2018,УЧИЛСЯ
JHBCEAAACIGJ,MON_RK,AEBBBAGAABDG,31.08.2019,12.06.2021,УЧИЛСЯ
JHBCEAAACIGJ,MON_RK,AEBBBAGAABDG,31.08.2019,15.08.2019,УЧИЛСЯ
JHBCEAAACIGJ,MON_RK,JJBBCGEAAEGF,31.08.2005,09.06.2017,УЧИЛСЯ
JHBCEAAACIGJ,MON_RK,AEADDAFAABHD,31.08.2019,12.06.2021,УЧИЛСЯ
AGBBEAAAFEID,MON_RK,AJABACFFDCCC,05.08.2015,,УЧИЛСЯ
AGBBEAAAFEID,MON_RK,BAAJBFFFBFGI,02.09.2017,,УЧИЛСЯ
JHAEEAAADABJ,MON_RK,ACBCBEFAAEGJ,01.09.2009,12.08.2015,УЧИЛСЯ
JHAEEAAADABJ,MON_RK,ADAICEFABCIE,29.08.2018,04.06.2020,УЧИЛСЯ
JHAEEAAADABJ,MON_RK,AIAHCDGFAFJG,31.08.2014,,УЧИЛСЯ
JDAFEAAAADAI,MON_RK,ABAJCDGFAAJF,05.09.2008,29.12.2014,УЧИЛСЯ
JDAFEAAAADAI,MON_RK,ABACBJFFACJB,05.09.2008,01.07.2019,УЧИЛСЯ
JHAEEAAADABJ,MON_RK,BEBCABGABICD,25.08.2021,,УЧИЛСЯ
AAABEAAADBAG,MON_RK,AHAFAGFAACDE,01.09.2012,,УЧИЛСЯ
AAABEAAADBAG,MON_RK,AEAFBHFABJHA,28.08.2019,14.06.2021,УЧИЛСЯ
AAABEAAADBAG,MON_RK,AEAFBHFABJHA,01.09.2009,25.06.2019,УЧИЛСЯ
AAABEAAADBAG,MON_RK,JHABAEDAAEEC,01.09.2003,20.06.2015,УЧИЛСЯ
AAABEAAADBAG,MON_RK,ABACBHFABBHB,31.08.2016,25.06.2018,УЧИЛСЯ
AAABEAAADBAG,MON_RK,JIACBFDABDAH,01.09.2003,04.03.2014,УЧИЛСЯ
JIABEAAACJED,MON_RK,AGAGACFAAECC,01.09.2012,12.06.2021,УЧИЛСЯ
JIABEAAACJED,MON_RK,AFAEBIFABFBI,01.09.2012,12.06.2021,УЧИЛСЯ
JIABEAAACJED,MON_RK,AFAEBIFABFBI,27.08.2021,,УЧИЛСЯ
JIABEAAACJED,MON_RK,AFAIBJGAAJEC,01.09.2011,25.08.2016,УЧИЛСЯ
JHACEAAAACJF,MON_RK,AHBCCHFFEFBH,05.09.2013,,УЧИЛСЯ
JHACEAAAACJF,MON_RK,BBBACHFABCDB,02.09.2017,26.05.2018,УЧИЛСЯ
JHACEAAAACJF,MON_RK,AGAGBHFFBBFB,02.09.2013,14.06.2022,УЧИЛСЯ
JHACEAAAACJF,MON_RK,AGAIBHGFIECF,02.09.2013,11.11.2016,УЧИЛСЯ
JHACEAAAACJF,MON_RK,AJAJADFFCDAI,01.09.2016,,УЧИЛСЯ
ABBBEAAADGCG,MON_RK,AEBAAFGAADID,01.09.2010,04.06.2020,УЧИЛСЯ
JHACEAAADIGE,MON_RK,BBADCGFFAADE,20.11.2020,23.11.2020,УЧИЛСЯ
JHACEAAAACJF,MON_RK,BCAFBIAAAAFB,02.09.2017,26.05.2018,УЧИЛСЯ
JHACEAAAACJF,MON_RK,AHBCBIGFBACE,01.09.2015,,УЧИЛСЯ
BFAJEAAAIDHE,MON_RK,BDAEAIGACEGG,29.08.2019,,УЧИЛСЯ
ABBAEAAAEDID,MON_RK,AGAEADGAAECH,25.05.2021,,УЧИЛСЯ
JHADEAAACEED,MON_RK,ADAJAHGABCEB,02.09.2013,03.09.2015,УЧИЛСЯ
BFAJEAAAIDHE,MON_RK,ADAJAHGABCEB,01.09.2015,15.06.2018,УЧИЛСЯ
BFAJEAAAIDHE,MON_RK,ADADBBFABFAC,01.09.2015,15.06.2018,УЧИЛСЯ
BFAJEAAAIDHE,MON_RK,BDBBAHGAEADC,29.08.2019,,УЧИЛСЯ
JHACEAAADCFI,MON_RK,AJAFAFFFBJIA,05.09.2014,,УЧИЛСЯ
JHACEAAADCFI,MON_RK,BAABCJGFBFGB,01.09.2015,20.08.2019,УЧИЛСЯ
JHACEAAADCFI,MON_RK,AIACBHFFCIDC,01.09.2013,,УЧИЛСЯ
JHACEAAADCFI,MON_RK,BBAFCDFABAIH,01.09.2016,,УЧИЛСЯ
JHACEAAADCFI,MON_RK,BAAJCHFFAJAB,01.09.2016,,УЧИЛСЯ
JHACEAAADCFI,MON_RK,BBAHBFGAAFIE,01.09.2016,,УЧИЛСЯ
JHACEAAADCFI,MON_RK,AJAHCJFFBECD,05.09.2014,,УЧИЛСЯ
JDAFEAAAADAI,MON_RK,JGAJBEDFAACE,05.09.2007,18.06.2014,УЧИЛСЯ
JDAFEAAAADAI,MON_RK,JGADCDDFAACB,05.09.2003,18.06.2014,УЧИЛСЯ
AAAEEAAAEIJJ,MON_RK,AEBBACFAAFBC,01.09.2010,03.06.2020,УЧИЛСЯ
AAAEEAAAEIJJ,MON_RK,AEBBACFAAFBC,01.09.2020,11.06.2022,УЧИЛСЯ
JJAJEAAACHEG,MON_RK,BCAHAIFADECH,07.08.2018,,УЧИЛСЯ
JJAJEAAACHEG,MON_RK,AJBCAGGFDGJD,27.08.2015,,УЧИЛСЯ
BAADEAAAGAFE,MON_RK,AJBCADFFCEBE,05.09.2016,,УЧИЛСЯ
JJAJEAAACHEG,MON_RK,JIABCHEFAHDD,01.09.2004,17.06.2015,УЧИЛСЯ
JJAJEAAACHEG,MON_RK,BBAHBJFABGHH,07.08.2017,23.06.2021,УЧИЛСЯ
ABBBEAAADGEG,MON_RK,AEBBBAGABACF,01.09.2010,04.06.2020,УЧИЛСЯ
JJAJEAAACHEG,MON_RK,BAAFCBGAABDB,11.07.2017,,УЧИЛСЯ
JJAJEAAACHEG,MON_RK,BABBCGGJEHJE,21.08.2017,,УЧИЛСЯ
ABBBEAAADGCG,MON_RK,JHAFDBDAACBG,05.09.2013,25.06.2015,УЧИЛСЯ
BFAJEAAAEIBH,MON_RK,AAABCDFABBAJ,01.09.2015,01.07.2017,УЧИЛСЯ
BFAJEAAAEIBH,MON_RK,ABBBCCGAADIE,01.09.2016,30.06.2018,УЧИЛСЯ
BFAJEAAAEIBH,MON_RK,AFAGAGFABCEC,07.09.2015,31.08.2016,УЧИЛСЯ
ABBAEAAAEDID,MON_RK,AFAEDAFAAHAD,05.09.2011,25.05.2020,УЧИЛСЯ
ABBAEAAAEDID,MON_RK,AFAEDAFAAHAD,29.08.2020,,УЧИЛСЯ
BFAJEAAAEIBH,MON_RK,AAAEBGFABCEA,07.09.2015,01.07.2017,УЧИЛСЯ
AGBBEAAAFEID,MON_RK,AHACACFFBFFD,21.08.2014,,УЧИЛСЯ
AGBBEAAAFEID,MON_RK,AHAHBFGFAGGI,29.08.2014,,УЧИЛСЯ
AGBBEAAAFEID,MON_RK,BBAGCDFACBCI,21.08.2018,,УЧИЛСЯ
AGBBEAAAFEID,MON_RK,BBAGAIFABGGD,15.08.2018,,УЧИЛСЯ
AABAEAAACBCH,MON_RK,AJAJBEFFDCHH,28.08.2015,13.11.2015,УЧИЛСЯ
AABAEAAACBCH,MON_RK,AGBBACFFBAIF,03.09.2018,15.06.2022,УЧИЛСЯ
AABAEAAACBCH,MON_RK,AFBCBBGFBCAA,28.08.2020,17.06.2022,УЧИЛСЯ
AABAEAAACBCH,MON_RK,AFBCBBGFBCAA,01.09.2016,03.06.2020,УЧИЛСЯ
AABAEAAACBCH,MON_RK,AAAHBHGFAICG,28.08.2015,12.06.2017,УЧИЛСЯ
AABAEAAACBCH,MON_RK,AGAHACGFABEB,01.09.2012,01.09.2014,УЧИЛСЯ
AFBAEAAAGGAE,MON_RK,BAACBJFFFBCA,28.08.2020,04.09.2020,УЧИЛСЯ
JHBBEAAABGFJ,MON_RK,BEAJBBGACAAG,01.09.2020,,УЧИЛСЯ
JHBBEAAABGFJ,MON_RK,BFAGCIGADCHG,26.08.2021,,УЧИЛСЯ
JHBBEAAABGFJ,MON_RK,BFADAJFABDFI,24.05.2021,,УЧИЛСЯ
JHBBEAAABGFJ,MON_RK,BDBBABGADAGB,01.09.2020,05.11.2021,УЧИЛСЯ
JHBBEAAABGFJ,MON_RK,BDBBABGADAGB,31.08.2019,27.02.2020,УЧИЛСЯ
JHAEEAAAAHJI,MON_RK,BDAJCHFAEHDF,29.08.2019,,УЧИЛСЯ
BAADEAAAGAFE,MON_RK,AIACABFFACGE,05.09.2013,,УЧИЛСЯ
BAADEAAAGAFE,MON_RK,AIADBCFAAAID,05.09.2013,,УЧИЛСЯ
BAADEAAAGAFE,MON_RK,ACBBBIGABEHB,20.09.2018,04.06.2020,УЧИЛСЯ
BAADEAAAGAFE,MON_RK,AFAICBGABBEJ,05.09.2013,12.06.2021,УЧИЛСЯ
BAADEAAAGAFE,MON_RK,AFAICBGABBEJ,27.07.2021,,УЧИЛСЯ
BAADEAAAGAFE,MON_RK,AIAJBBFFBFBF,05.09.2015,,УЧИЛСЯ
ABBBEAAADGEG,MON_RK,AIAJBAGFCBJC,01.09.2014,,УЧИЛСЯ
JJAGEAAACFEH,MON_RK,BBBAAJFACBGC,02.09.2017,12.06.2018,УЧИЛСЯ
JJAGEAAACFEH,MON_RK,AHACCFGFBDIH,01.09.2015,,УЧИЛСЯ
JHAIEAAAAJIA,MON_RK,BABBCFGAEIBI,24.08.2021,,УЧИЛСЯ
JHAIEAAAAJIA,MON_RK,BAACAIFFEJEF,03.09.2016,,УЧИЛСЯ
JGBCEAAAAFFD,MON_RK,JGAGCDEJJABB,01.09.2003,20.06.2014,УЧИЛСЯ
JJAGEAAACFEH,MON_RK,AEBBCCGFAGGD,14.06.2019,15.06.2021,УЧИЛСЯ
JJAGEAAACFEH,MON_RK,AEBBCCGFAGGD,14.06.2019,14.06.2019,УЧИЛСЯ
ABBAEAAAEDID,MON_RK,ACAJCFFAAGIH,31.08.2018,25.05.2020,УЧИЛСЯ
ABBAEAAAEDID,MON_RK,AGBCBFFAAEDB,04.09.2013,07.08.2017,УЧИЛСЯ
ABBAEAAAEDID,MON_RK,AHACBHGAAIAE,04.09.2013,,УЧИЛСЯ
ABBAEAAAEDID,MON_RK,AGAEADGAAECH,04.09.2012,12.06.2021,УЧИЛСЯ
ABBAEAAAEDID,MON_RK,AEBACDFAAHHB,03.09.2011,25.05.2020,УЧИЛСЯ
ABBAEAAAEDID,MON_RK,AEBACDFAAHHB,29.08.2020,,УЧИЛСЯ
ABBBEAAADGCG,MON_RK,JFAEBEDABDCD,01.09.2002,25.06.2013,УЧИЛСЯ
ABBBEAAADGCG,MON_RK,ADBCACGAACGD,05.09.2013,10.06.2021,УЧИЛСЯ
ABBBEAAADGCG,MON_RK,AHAGBAGFACIC,27.08.2012,16.06.2022,УЧИЛСЯ
ABBBEAAADEJI,MON_RK,JFBBBADABDCI,31.08.2001,18.06.2013,УЧИЛСЯ
ABBBEAAADEJI,MON_RK,JHBCDBDABAAI,06.09.2004,20.06.2015,УЧИЛСЯ
ABBBEAAADEJI,MON_RK,AFAICJGAACBD,05.09.2012,14.06.2021,УЧИЛСЯ
ABBBEAAADEJI,MON_RK,AFAICJGAACBD,31.08.2021,,УЧИЛСЯ
ABBBEAAADEJI,MON_RK,AEBAAGFAAEEB,24.08.2020,,УЧИЛСЯ
ABBBEAAADEJI,MON_RK,AEADBDGABEAC,24.08.2020,,УЧИЛСЯ
ABBBEAAADEJI,MON_RK,AEADBAFAAHFJ,06.09.2010,02.09.2019,УЧИЛСЯ
ABBBEAAADEJI,MON_RK,AEADBAFAAHFJ,02.09.2019,14.06.2021,УЧИЛСЯ
JHACEAAACIHG,MON_RK,AEBADBFABACA,31.08.2011,03.06.2020,УЧИЛСЯ
JHADEAAACEED,MON_RK,AJABCGGFBBAE,01.09.2015,31.08.2016,УЧИЛСЯ
JHADEAAACEED,MON_RK,ADADDBGABDFF,01.09.2009,30.06.2018,УЧИЛСЯ
JHADEAAACEED,MON_RK,AGACAHGAAIBI,01.09.2012,12.06.2021,УЧИЛСЯ
AAAEEAAAEIJJ,MON_RK,AFACBEFAAHDJ,01.09.2020,11.06.2022,УЧИЛСЯ
JHADEAAACEED,MON_RK,AGACAHGAAIBI,31.08.2021,,УЧИЛСЯ
ABBBEAAADGEG,MON_RK,AGAJCBFABIAB,16.08.2021,,УЧИЛСЯ
JHADEAAACEED,MON_RK,AJAIABGFBCDC,06.01.2022,,УЧИЛСЯ
ABBBEAAADGCG,MON_RK,AGBBAEGAABIH,28.08.2013,16.06.2022,УЧИЛСЯ
ABBBEAAADGCG,MON_RK,AGAJAFFABHAF,29.08.2013,16.06.2022,УЧИЛСЯ
JHAIEAAAAJIA,MON_RK,BAAHCCFFFAIG,03.09.2016,,УЧИЛСЯ
ABBBEAAADEJI,MON_RK,AAAIBIFAAEGG,05.09.2007,15.06.2018,УЧИЛСЯ
ABBBEAAADEJI,MON_RK,AHAEAEFACDEF,05.09.2013,16.11.2013,УЧИЛСЯ
ABBBEAAADGCG,MON_RK,JIBCBIEAAHEA,05.09.2013,25.06.2015,УЧИЛСЯ
ABBBEAAADGCG,MON_RK,JGAJBBDAACJC,29.08.2002,25.06.2014,УЧИЛСЯ
ABBBEAAADGCG,MON_RK,ADBCCAFAACCF,05.09.2013,10.06.2021,УЧИЛСЯ
ABBBEAAADGCG,MON_RK,AGAHCJGAABDC,05.09.2013,10.10.2013,УЧИЛСЯ
JJBAEAAABDDB,MON_RK,AJBBBFFFBADB,27.04.2018,05.01.2022,УЧИЛСЯ
JJBAEAAABDDB,MON_RK,AJAIADFFAGDF,06.10.2016,,УЧИЛСЯ
JHACEAAADIGE,MON_RK,AEAFBHFAAHFE,02.09.2019,02.09.2019,УЧИЛСЯ
JFAGEAAABDCD,MON_RK,BAABBHGFBJGC,01.09.2017,,УЧИЛСЯ
JHACEAAADIGE,MON_RK,AEAFBHFAAHFE,02.09.2013,09.08.2017,УЧИЛСЯ
JHACEAAADIGE,MON_RK,AEAFBHFAAHFE,02.09.2019,12.06.2021,УЧИЛСЯ
AGBBEAAAFEID,MON_RK,AHAFBGGFBIJE,19.08.2014,,УЧИЛСЯ
JHACEAAADIGE,MON_RK,BBBCCFFABEFG,29.08.2018,,УЧИЛСЯ
JHABEAAACABD,MON_RK,JGAHCEEFBHEJ,05.09.2013,18.06.2014,УЧИЛСЯ
JHABEAAACABD,MON_RK,BAAGACFFEIFI,01.09.2016,,УЧИЛСЯ
JHABEAAACABD,MON_RK,ACAICIFFADDB,05.09.2014,09.06.2018,УЧИЛСЯ
JHABEAAACABD,MON_RK,JFADAHDFBBHE,01.09.2002,15.06.2013,УЧИЛСЯ
JHABEAAACABD,MON_RK,BCAHCAFABJJB,01.09.2018,,УЧИЛСЯ
JHABEAAACABD,MON_RK,JFAGCEDFABGF,01.09.2002,15.06.2013,УЧИЛСЯ
JHABEAAACABD,MON_RK,JIADAFEFACJB,05.09.2014,16.06.2016,УЧИЛСЯ
JHACEAAACIHG,MON_RK,AEBBCBFABABJ,31.08.2011,03.06.2020,УЧИЛСЯ
JHACEAAACIHG,MON_RK,AFAJAHGABCEF,31.08.2021,,УЧИЛСЯ
JHACEAAACIHG,MON_RK,AFAJAHGABCEF,20.08.2012,12.06.2021,УЧИЛСЯ
JHACEAAACIHG,MON_RK,AFAIBCFAAJDI,31.08.2011,03.06.2020,УЧИЛСЯ
JDAFEAAAADAI,MON_RK,ABBABFGFBCBI,05.09.2008,01.07.2019,УЧИЛСЯ
JJAJEAAACHEG,MON_RK,AGABAGFFBBCD,05.09.2012,15.06.2021,УЧИЛСЯ
AAAEEAAAEIJJ,MON_RK,AEADBHFABDJJ,01.09.2009,11.06.2021,УЧИЛСЯ
JJAJEAAACHEG,MON_RK,AGABAGFFBBCD,06.08.2021,,УЧИЛСЯ
JJAJEAAACHEG,MON_RK,BBBABEGAEJHF,26.08.2019,13.10.2021,УЧИЛСЯ
JJAJEAAACHEG,MON_RK,BCADBDGAFDJD,05.09.2018,,УЧИЛСЯ
AIAIEAAAJHJB,MON_RK,AGAJABFFBAJG,01.09.2021,01.09.2021,УЧИЛСЯ
AIAIEAAAJHJB,MON_RK,AGAJABFFBAJG,05.09.2019,21.06.2021,УЧИЛСЯ
JGBCEAAAAFFD,MON_RK,AAAICGFFJABB,29.08.2016,15.06.2018,УЧИЛСЯ
JGBCEAAAAFFD,MON_RK,AHACAHGFAIEG,12.08.2013,,УЧИЛСЯ
JGBCEAAAAFFD,MON_RK,ABAEABGFBCGD,01.09.2008,19.06.2017,УЧИЛСЯ
JGBCEAAAAFFD,MON_RK,BAADCAGFDEHH,20.06.2016,,УЧИЛСЯ
JFAGEAAABDCD,MON_RK,BBAHBDGAEIFD,29.08.2018,05.01.2021,УЧИЛСЯ
JFAGEAAABDCD,MON_RK,AJACBBGFCJFH,29.08.2015,,УЧИЛСЯ
JFAGEAAABDCD,MON_RK,ADAJBBFFAJGJ,31.08.2019,14.06.2021,УЧИЛСЯ
JFAGEAAABDCD,MON_RK,ADAJBBFFAJGJ,31.08.2019,11.06.2019,УЧИЛСЯ
JFAGEAAABDCD,MON_RK,ADAJBAGFBBFF,31.08.2019,14.06.2021,УЧИЛСЯ
JFAGEAAABDCD,MON_RK,ADAJBAGFBBFF,31.08.2019,11.06.2019,УЧИЛСЯ
JFAGEAAABDCD,MON_RK,AFAICHFFBCHA,31.08.2011,26.05.2020,УЧИЛСЯ
JFAGEAAABDCD,MON_RK,AAAHCAGIBCDI,29.08.2016,15.09.2016,УЧИЛСЯ
JFAGEAAABDCD,MON_RK,AHAJBJGFBHDG,31.08.2013,05.09.2019,УЧИЛСЯ
BEAJEBAAIIFD,MON_RK,ACAFCBFFBACD,14.08.2015,14.06.2021,УЧИЛСЯ
BEAJEBAAIIFD,MON_RK,ADAEAHFFAAJH,21.08.2015,14.06.2021,УЧИЛСЯ
AGBBEAAAFEID,MON_RK,BBAGAGGABGAJ,29.08.2018,,УЧИЛСЯ
AGBBEAAAFEID,MON_RK,JIAGCAEFBBAD,29.08.2014,15.06.2016,УЧИЛСЯ
AGBBEAAAFEID,MON_RK,AJACADFFDHDH,01.09.2015,24.07.2017,УЧИЛСЯ
AGBBEAAAFEID,MON_RK,BAAFAIGFBJII,02.09.2017,,УЧИЛСЯ
AGBBEAAAFEID,MON_RK,AIAGCAGFEICG,18.08.2014,,УЧИЛСЯ
AGBBEAAAFEID,MON_RK,AHAJAIGFBBIB,29.08.2014,,УЧИЛСЯ
AGBBEAAAFEID,MON_RK,AIBBBDFFEEDD,01.09.2015,,УЧИЛСЯ
AGBBEAAAFEID,MON_RK,BAAIBDGFBIFH,10.08.2017,,УЧИЛСЯ
ABBBEAAADGEG,MON_RK,AABBCBGAAECG,01.09.2006,25.05.2018,УЧИЛСЯ
ABBBEAAADGEG,MON_RK,AJAJAFFFADGC,01.09.2015,,УЧИЛСЯ
ABBBEAAADGEG,MON_RK,AGAFADGABIJF,16.08.2021,,УЧИЛСЯ
ABBBEAAADGEG,MON_RK,AGAFADGABIJF,01.09.2012,14.06.2021,УЧИЛСЯ
ABBBEAAADGEG,MON_RK,AEBBBAGABACF,03.08.2020,,УЧИЛСЯ
ABBBEAAADGEG,MON_RK,AGAJCBFABIAB,01.09.2015,14.06.2021,УЧИЛСЯ
ABBBEAAADGEG,MON_RK,JJBAACDAABGH,01.09.2005,04.09.2015,УЧИЛСЯ
AAAEEAAAEIJJ,MON_RK,AGAFBJFAAHGJ,25.08.2021,,УЧИЛСЯ
AAAEEAAAEIJJ,MON_RK,AGAFBJFAAHGJ,01.09.2011,11.06.2021,УЧИЛСЯ
AAAEEAAAEIJJ,MON_RK,AFACBEFAAHDJ,01.09.2010,03.06.2020,УЧИЛСЯ
AAAEEAAAEIJJ,MON_RK,AEAHCBFAAJCB,01.09.2009,11.06.2021,УЧИЛСЯ
AAAEEAAAEIJJ,MON_RK,AABABBGAAHCF,20.06.2016,12.06.2018,УЧИЛСЯ
BAADEAAAGAFE,MON_RK,AGABAJFAAHEI,01.09.2012,12.06.2021,УЧИЛСЯ
BAADEAAAGAFE,MON_RK,AGABAJFAAHEI,28.07.2021,,УЧИЛСЯ
BAADEAAAGAFE,MON_RK,AIACBCFFAEGC,05.09.2013,,УЧИЛСЯ
BAADEAAAGAFE,MON_RK,AEABAJGAABFI,31.08.2019,14.06.2021,УЧИЛСЯ
BAADEAAAGAFE,MON_RK,AEABAJGAABFI,31.08.2019,07.06.2019,УЧИЛСЯ
BAADEAAAGAFE,MON_RK,ADBBCJFABABA,04.09.2017,24.09.2018,УЧИЛСЯ
BAADEAAAGAFE,MON_RK,ADAJCBAAABFC,31.08.2019,07.06.2019,УЧИЛСЯ
JHAIEAAAAJIA,MON_RK,AGBABCFFBBDF,01.09.2012,01.09.2016,УЧИЛСЯ
JHAIEAAAAJIA,MON_RK,BBAGACFADJAE,05.09.2017,,УЧИЛСЯ
JHAIEAAAAJIA,MON_RK,AIBAAGGFBIGG,02.09.2015,26.08.2016,УЧИЛСЯ
JHAIEAAAAJIA,MON_RK,BCAGCBFADDIF,05.09.2018,,УЧИЛСЯ
JHAIEAAAAJIA,MON_RK,BCAFCAGABEGF,05.09.2018,,УЧИЛСЯ
JHAIEAAAAJIA,MON_RK,BAAHCFFFDEAC,02.09.2015,21.08.2017,УЧИЛСЯ
JHAIEAAAAJIA,MON_RK,BDAHCBGADBJJ,05.09.2018,,УЧИЛСЯ
JHAIEAAAAJIA,MON_RK,AGAHCBFFBEGE,01.09.2012,12.06.2021,УЧИЛСЯ
JJAJEAAABHEI,MON_RK,AIBABGGFDJEG,05.09.2015,,УЧИЛСЯ
AIAIEAAAJHJB,MON_RK,AAACABFFAICE,01.09.2008,17.06.2015,УЧИЛСЯ
JJAJEAAABHEI,MON_RK,AIAHCFGAABFE,05.09.2015,05.07.2019,УЧИЛСЯ
JJAJEAAABHEI,MON_RK,AGAGCBFFBACE,31.08.2015,,УЧИЛСЯ
JJAJEAAABHEI,MON_RK,JIAHBDDAAADJ,05.09.2013,16.06.2016,УЧИЛСЯ
AIAIEAAAFFIJ,MON_RK,JHAGCIEFABBH,01.09.2009,05.09.2014,УЧИЛСЯ
AIAIEAAAFFIJ,MON_RK,JGACCDEFBFGI,05.04.2010,18.06.2014,УЧИЛСЯ
JHAIEAAAAJIA,MON_RK,BBADAEFADDJC,03.09.2016,,УЧИЛСЯ
JHAIEAAAAJIA,MON_RK,BCBBAEFACJFD,05.09.2018,,УЧИЛСЯ
ABBBEAAADGCG,MON_RK,AGBBCFFAABCF,09.10.2014,16.06.2022,УЧИЛСЯ
ABBBEAAADGCG,MON_RK,AIABABGFAHGC,01.09.2014,,УЧИЛСЯ
ABBBEAAADGCG,MON_RK,AIADBJFAABCA,01.09.2014,,УЧИЛСЯ
ABBBEAAADGCG,MON_RK,JGAEBFDAADDC,01.09.2003,25.06.2014,УЧИЛСЯ
ABBBEAAADGCG,MON_RK,JGAGBDDAACHH,01.09.2005,25.06.2013,УЧИЛСЯ
ABBBEAAADGCG,MON_RK,JFAFAJEAAHFE,02.09.2002,25.06.2013,УЧИЛСЯ
ABBBEAAADGCG,MON_RK,AEAFBBFAAECE,08.10.2017,10.06.2021,УЧИЛСЯ
BHAIEAAACHJB,MON_RK,AGAHBEFFBHFD,14.08.2021,,УЧИЛСЯ
BHAIEAAACHJB,MON_RK,AGAHBEFFBHFD,02.09.2017,08.06.2021,УЧИЛСЯ
BHAIEAAACHJB,MON_RK,AFAFDBGFAGEG,14.08.2021,,УЧИЛСЯ
BHAIEAAACHJB,MON_RK,AFAFDBGFAGEG,02.09.2017,08.06.2021,УЧИЛСЯ
BHAIEAAACHJB,MON_RK,AGAIBFGFBCBD,02.09.2017,08.06.2021,УЧИЛСЯ
BHAIEAAACHJB,MON_RK,AGAIBFGFBCBD,14.08.2021,,УЧИЛСЯ
BHAIEAAACHJB,MON_RK,ADBBCBFFBBIC,14.08.2020,16.06.2022,УЧИЛСЯ
BHAIEAAACHJB,MON_RK,ADBBCBFFBBIC,02.09.2017,03.06.2020,УЧИЛСЯ
ABBBEAAADGCG,MON_RK,JFAHBGDABJEB,02.09.2002,25.06.2013,УЧИЛСЯ
BHAIEAAACHJB,MON_RK,AGAFBEGFBBAI,02.09.2017,08.06.2021,УЧИЛСЯ
AIAIEAAAFFIJ,MON_RK,AFBCBCGFAGCE,01.09.2012,14.06.2021,УЧИЛСЯ
BEAJEBAAIIFD,MON_RK,AAAICJFFABAF,05.01.2015,13.01.2016,УЧИЛСЯ
JHACEAAADIGE,MON_RK,BDAJAGFAFDBC,31.08.2019,09.03.2021,УЧИЛСЯ
JHACEAAADIGE,MON_RK,BCACCCFACFFG,29.08.2017,,УЧИЛСЯ
JHACEAAADIGE,MON_RK,BBAHADGACHGD,29.08.2017,,УЧИЛСЯ
JHACEAAADIGE,MON_RK,ABAHCIFABDAI,02.09.2017,02.09.2019,УЧИЛСЯ
JHACEAAADIGE,MON_RK,BDAFCHGADFAA,31.08.2019,,УЧИЛСЯ
AIAIEAAAJHJB,MON_RK,ADAICFGFAJDI,02.09.2014,13.06.2018,УЧИЛСЯ
AIAIEAAAJHJB,MON_RK,JJAJBBAAAABI,01.09.2011,17.06.2015,УЧИЛСЯ
AIAIEAAAJHJB,MON_RK,AAACCAGFBDCH,01.09.2010,17.06.2015,УЧИЛСЯ
AIAIEAAAJHJB,MON_RK,JIBBBHDFAHJB,01.09.2008,13.06.2014,УЧИЛСЯ
AIAIEAAAJHJB,MON_RK,ADAJAEGFAJIH,05.09.2018,05.09.2018,УЧИЛСЯ
AIAIEAAAJHJB,MON_RK,BBADDBFADJEB,05.10.2019,23.08.2021,УЧИЛСЯ
JHBAEAAABFBG,MON_RK,ACAFBGGFACBC,05.09.2017,12.06.2019,УЧИЛСЯ
JHBAEAAABFBG,MON_RK,ABAECGFFADDE,05.09.2012,12.06.2019,УЧИЛСЯ
JHBAEAAABFBG,MON_RK,ABAEBCGFACEF,05.09.2017,12.06.2019,УЧИЛСЯ
JHBAEAAABFBG,MON_RK,JJAIAGEFABJI,01.09.2009,17.06.2016,УЧИЛСЯ
JHBAEAAABFBG,MON_RK,JJADCDDFABIG,25.02.2015,17.06.2016,УЧИЛСЯ
JHBAEAAABFBG,MON_RK,JIABABEFAEGA,05.09.2008,20.06.2015,УЧИЛСЯ
JHABEAAACABD,MON_RK,ABABBIFFAFFI,01.09.2015,02.08.2016,УЧИЛСЯ
JHABEAAACABD,MON_RK,BAAJCGFFEDGE,01.09.2016,,УЧИЛСЯ
JHABEAAACABD,MON_RK,AGACBGFFABID,05.09.2014,,УЧИЛСЯ
JHABEAAACABD,MON_RK,AGAFCIGFBFHA,05.09.2014,04.01.2017,УЧИЛСЯ
JHABEAAACABD,MON_RK,BAABCIGFECDD,01.09.2016,,УЧИЛСЯ
JDAGEAAAACGC,MON_RK,AGAEAIFFBDED,01.09.2012,26.08.2013,УЧИЛСЯ
JDAGEAAAACGC,MON_RK,ABBCCJFFABDI,05.09.2008,12.06.2017,УЧИЛСЯ
JDAGEAAAACGC,MON_RK,BBACBHGACCEG,01.09.2018,06.01.2022,УЧИЛСЯ
JDAGEAAAACGC,MON_RK,BCBCAHFAEICA,05.09.2019,18.08.2020,УЧИЛСЯ
JDAGEAAAACGC,MON_RK,ACBAAJGFAJHC,05.09.2009,03.06.2020,УЧИЛСЯ
JDAGEAAAACGC,MON_RK,AIABDAGFDIIE,09.08.2016,,УЧИЛСЯ
JDAGEAAAACGC,MON_RK,AHABAIFFAAIJ,28.08.2015,08.06.2022,УЧИЛСЯ
AIAIEAAAJHJB,MON_RK,JIBBBGEAAAEC,01.09.2008,17.06.2015,УЧИЛСЯ
AIAIEAAAJHJB,MON_RK,AGADDBFFBHFB,01.09.2021,01.09.2021,УЧИЛСЯ
AIAIEAAAJHJB,MON_RK,AGADDBFFBHFB,05.09.2019,21.06.2021,УЧИЛСЯ
AIAIEAAAJHJB,MON_RK,JIAFCHDFBDAI,01.09.2008,13.06.2014,УЧИЛСЯ
JHABEAAACABD,MON_RK,AJACCAFFCCEG,01.09.2015,,УЧИЛСЯ
JHABEAAACABD,MON_RK,JJAGCEDFABJC,05.09.2014,12.06.2015,УЧИЛСЯ
JHABEAAACABD,MON_RK,AFAFCHFFADAA,05.09.2014,11.06.2021,УЧИЛСЯ
JHABEAAACABD,MON_RK,ADBCAFFFAEDI,02.09.2019,14.06.2021,УЧИЛСЯ
JHABEAAACABD,MON_RK,ADBCAFFFAEDI,02.09.2019,07.06.2019,УЧИЛСЯ
JHABEAAACABD,MON_RK,AEAFCIFFBGJB,05.09.2014,29.05.2020,УЧИЛСЯ
JHABEAAACABD,MON_RK,AGBCCGFFABHA,05.09.2014,,УЧИЛСЯ
JHABEAAACABD,MON_RK,AJBCCHFFDAFH,17.02.2016,06.06.2016,УЧИЛСЯ
JHABEAAACABD,MON_RK,AFAGBEFFACGE,05.09.2014,09.06.2021,УЧИЛСЯ
ACBBEAAAEGCG,MON_RK,AGBCBEFACBHF,01.09.2012,,УЧИЛСЯ
ACBBEAAAEGCG,MON_RK,AFAHCIFABICA,01.09.2010,,УЧИЛСЯ
ACBBEAAAEGCG,MON_RK,AIAEBJGFACBG,01.09.2018,,УЧИЛСЯ
ACBBEAAAEGCG,MON_RK,JHAGBEEABEHI,01.09.2003,25.06.2014,УЧИЛСЯ
ACBBEAAAEGCG,MON_RK,JIADCADABHAE,01.09.2008,20.06.2015,УЧИЛСЯ
ACBBEAAAEGCG,MON_RK,ABBBABGAAGGH,01.09.2008,12.06.2018,УЧИЛСЯ
ACBBEAAAEGCG,MON_RK,ABAGBHGABBIC,16.01.2013,12.06.2018,УЧИЛСЯ
